program,kernel,spelling,baseline_cost,best_cost,baseline_exec_time,best_exec_time,improvement_pct,measured_baseline_ns,measured_best_ns,measured_improvement_pct,measured_speedup_x,generations_to_convergence,pareto_front_size,distinct_points,verdict
bench_0000,horner_poly,plain,1.0,1.0,23.0,23.0,0.0,386.7,386.7,0.0,1.0,1,27,1,PASS
bench_0001,naive_poly,plain,1.0,0.586673,56.0,26.0,53.57,620.3,434.7,29.92,1.427,16,22,2,PASS
bench_0002,poly_with_derivative,plain,1.0,0.815909,40.0,31.0,22.5,473.1,404.9,14.42,1.168,11,18,1,PASS
bench_0003,quadratic_value_and_slope,plain,1.0,0.938182,25.0,22.0,12.0,320.7,315.0,1.78,1.018,1,25,1,PASS
bench_0004,quadratic_discriminant,plain,1.0,0.826267,27.0,20.0,25.93,356.0,330.2,7.25,1.078,3,24,1,PASS
bench_0005,binomial_expansion,plain,1.0,0.513051,18.0,11.0,38.89,240.8,163.5,32.1,1.473,10,24,1,PASS
bench_0006,difference_of_squares,naive,1.0,0.602381,30.0,18.0,40.0,348.4,219.5,37.0,1.587,10,24,1,PASS
bench_0007,distance_sq_2d,naive,1.0,0.834903,21.0,19.0,9.52,254.7,230.4,9.54,1.105,3,22,1,PASS
bench_0008,distance_sq_3d,plain,1.0,0.803346,24.0,21.0,12.5,294.5,234.0,20.54,1.259,4,23,1,PASS
bench_0009,midpoint_2d,plain,1.0,1.0,17.0,17.0,0.0,453.6,453.6,0.0,1.0,1,29,1,PASS
bench_0010,triangle_area_twice,naive,1.0,0.708844,42.0,34.0,19.05,465.0,343.6,26.11,1.353,4,23,1,PASS
bench_0011,rectangle_properties,plain,1.0,0.922799,20.0,17.0,15.0,203.7,197.0,3.29,1.034,1,25,1,PASS
bench_0012,circle_properties,plain,1.0,0.881868,26.0,23.0,11.54,520.2,545.2,-4.81,0.954,2,26,1,PASS
bench_0013,sphere_properties,plain,1.0,0.630743,36.0,23.0,36.11,726.0,633.8,12.7,1.145,13,21,1,PASS
bench_0014,cross_product_3d,naive,1.0,0.75,56.0,42.0,25.0,566.6,479.5,15.37,1.182,10,24,1,PASS
bench_0015,dot_product,plain,1.0,1.0,48.0,48.0,0.0,560.9,560.9,0.0,1.0,1,30,1,PASS
bench_0016,cosine_similarity_parts,plain,1.0,1.0,56.0,56.0,0.0,574.1,574.1,0.0,1.0,1,30,1,PASS
bench_0017,determinant_3x3,plain,1.0,1.0,42.0,42.0,0.0,528.9,528.9,0.0,1.0,1,30,1,PASS
bench_0018,inverse_2x2_parts,plain,1.0,0.922969,21.0,19.0,9.52,263.5,255.7,2.96,1.031,2,28,1,PASS
bench_0019,matrix_vector,plain,1.0,1.0,22.0,22.0,0.0,294.7,294.7,0.0,1.0,1,30,1,PASS
bench_0020,trace_and_frobenius,plain,1.0,1.0,48.0,48.0,0.0,522.9,522.9,0.0,1.0,1,30,1,PASS
bench_0021,affine_transform_2d,plain,1.0,0.572101,23.0,12.0,47.83,297.5,214.1,28.03,1.39,7,21,1,PASS
bench_0022,mean_of_values,tidy,1.0,1.0,22.0,22.0,0.0,464.5,464.5,0.0,1.0,1,29,1,PASS
bench_0023,variance_of_values,naive,1.0,0.310743,129.0,44.0,65.89,3686.6,869.8,76.41,4.238,3,23,1,PASS
bench_0024,weighted_average,naive,1.0,0.582289,67.0,40.0,40.3,1149.9,649.9,43.48,1.769,10,24,1,PASS
bench_0025,sum_and_sum_of_squares,plain,1.0,1.0,42.0,42.0,0.0,556.9,556.9,0.0,1.0,1,30,1,PASS
bench_0026,regression_slope_parts,plain,1.0,1.0,49.0,49.0,0.0,641.0,641.0,0.0,1.0,1,29,2,PASS
bench_0027,moving_average,plain,1.0,1.0,22.0,22.0,0.0,675.3,675.3,0.0,1.0,1,29,1,PASS
bench_0028,compound_interest,plain,1.0,0.745926,55.0,48.0,12.73,1670.2,1511.7,9.49,1.105,14,24,1,PASS
bench_0029,simple_interest,tidy,1.0,1.0,23.0,23.0,0.0,633.9,633.9,0.0,1.0,1,27,1,PASS
bench_0030,income_tax,naive,1.0,0.624274,37.0,22.0,40.54,1102.1,627.9,43.03,1.755,3,27,1,PASS
bench_0031,discount_chain,plain,1.0,0.819984,23.0,21.0,8.7,663.5,625.1,5.79,1.061,2,26,1,PASS
bench_0032,body_mass_index,plain,1.0,0.880876,26.0,23.0,11.54,700.6,651.5,7.01,1.075,3,24,1,PASS
bench_0033,temperature_conversions,naive,1.0,0.787812,36.0,28.0,22.22,964.6,699.9,27.44,1.378,3,22,2,PASS
bench_0034,length_conversions,plain,1.0,0.651037,25.0,16.0,36.0,302.1,221.5,26.68,1.364,2,26,1,PASS
bench_0035,speed_distance_time,tidy,1.0,1.0,13.0,13.0,0.0,326.2,326.2,0.0,1.0,1,30,1,PASS
bench_0036,kinetic_and_potential_energy,tidy,1.0,0.84997,29.0,24.0,17.24,594.1,402.4,32.27,1.476,2,23,1,PASS
bench_0037,projectile_position,plain,1.0,0.849242,18.0,15.0,16.67,186.1,169.1,9.13,1.101,3,22,1,PASS
bench_0038,ohms_law_power,plain,1.0,1.0,17.0,17.0,0.0,156.2,156.2,0.0,1.0,1,30,1,PASS
bench_0039,uniform_acceleration,plain,1.0,0.910022,35.0,30.0,14.29,436.5,439.8,-0.76,0.992,9,19,1,PASS
bench_0040,linear_interpolation,naive,1.0,0.931305,30.0,29.0,3.33,628.0,647.8,-3.15,0.969,4,24,1,PASS
bench_0041,rgb_to_gray,plain,1.0,1.0,23.0,23.0,0.0,489.9,489.9,0.0,1.0,1,27,1,PASS
bench_0042,horner_poly,plain,1.0,0.842458,40.0,36.0,10.0,596.0,513.9,13.78,1.16,5,24,1,PASS
bench_0043,naive_poly,plain,1.0,0.5659,98.0,50.0,48.98,1007.1,649.7,35.49,1.55,5,20,1,PASS
bench_0044,poly_with_derivative,plain,1.0,0.861416,39.0,31.0,20.51,472.6,430.4,8.93,1.098,3,25,2,PASS
bench_0045,quadratic_value_and_slope,plain,1.0,0.938182,25.0,22.0,12.0,315.1,303.4,3.71,1.039,1,25,1,PASS
bench_0046,quadratic_discriminant,plain,1.0,0.826267,27.0,20.0,25.93,370.1,338.9,8.43,1.092,3,24,1,PASS
bench_0047,binomial_expansion,plain,1.0,0.513051,18.0,11.0,38.89,282.7,186.4,34.06,1.517,10,24,1,PASS
bench_0048,difference_of_squares,naive,1.0,0.602381,30.0,18.0,40.0,397.1,265.4,33.17,1.496,10,24,1,PASS
bench_0049,distance_sq_2d,tidy,1.0,1.0,19.0,19.0,0.0,263.2,263.2,0.0,1.0,1,27,1,PASS
bench_0050,distance_sq_3d,plain,1.0,0.803346,24.0,21.0,12.5,341.2,290.3,14.92,1.175,4,23,1,PASS
bench_0051,midpoint_2d,plain,1.0,1.0,17.0,17.0,0.0,594.2,594.2,0.0,1.0,1,29,1,PASS
bench_0052,triangle_area_twice,naive,1.0,0.708844,42.0,34.0,19.05,475.9,343.3,27.86,1.386,4,23,1,PASS
bench_0053,rectangle_properties,plain,1.0,0.922799,20.0,17.0,15.0,202.1,193.0,4.5,1.047,1,25,1,PASS
bench_0054,circle_properties,plain,1.0,0.881868,26.0,23.0,11.54,542.7,529.9,2.36,1.024,2,26,1,PASS
bench_0055,sphere_properties,plain,1.0,0.630743,36.0,23.0,36.11,692.4,557.1,19.54,1.243,13,21,1,PASS
bench_0056,cross_product_3d,naive,1.0,0.75,56.0,42.0,25.0,571.9,462.0,19.22,1.238,10,24,1,PASS
bench_0057,dot_product,plain,1.0,1.0,12.0,12.0,0.0,172.8,172.8,0.0,1.0,1,30,1,PASS
bench_0058,cosine_similarity_parts,plain,1.0,1.0,42.0,42.0,0.0,381.4,381.4,0.0,1.0,1,30,1,PASS
bench_0059,determinant_3x3,plain,1.0,1.0,42.0,42.0,0.0,455.0,455.0,0.0,1.0,1,30,1,PASS
bench_0060,inverse_2x2_parts,plain,1.0,0.922969,21.0,19.0,9.52,210.6,205.1,2.61,1.027,2,28,1,PASS
bench_0061,matrix_vector,plain,1.0,1.0,22.0,22.0,0.0,248.5,248.5,0.0,1.0,1,30,1,PASS
bench_0062,trace_and_frobenius,plain,1.0,1.0,48.0,48.0,0.0,512.5,512.5,0.0,1.0,1,30,1,PASS
bench_0063,affine_transform_2d,plain,1.0,1.0,25.0,25.0,0.0,314.9,314.9,0.0,1.0,1,30,2,PASS
bench_0064,mean_of_values,naive,1.0,0.725732,27.0,22.0,18.52,481.3,425.6,11.57,1.131,2,18,1,PASS
bench_0065,variance_of_values,naive,1.0,0.417793,69.0,30.0,56.52,2035.8,696.8,65.77,2.922,3,23,1,PASS
bench_0066,weighted_average,naive,1.0,0.607294,31.0,19.0,38.71,672.6,385.7,42.66,1.744,10,24,1,PASS
bench_0067,sum_and_sum_of_squares,plain,1.0,1.0,30.0,30.0,0.0,376.5,376.5,0.0,1.0,1,30,1,PASS
bench_0068,regression_slope_parts,plain,1.0,1.0,61.0,61.0,0.0,700.1,700.1,0.0,1.0,1,29,2,PASS
bench_0069,moving_average,plain,1.0,1.0,20.0,20.0,0.0,597.4,597.4,0.0,1.0,1,29,1,PASS
bench_0070,compound_interest,plain,1.0,0.776795,23.0,20.0,13.04,613.7,574.9,6.32,1.067,23,20,1,PASS
bench_0071,simple_interest,naive,1.0,0.536822,44.0,23.0,47.73,999.5,496.4,50.34,2.013,3,26,1,PASS
bench_0072,income_tax,naive,1.0,0.624274,37.0,22.0,40.54,879.0,555.6,36.79,1.582,3,27,1,PASS
bench_0073,discount_chain,plain,1.0,0.819984,23.0,21.0,8.7,588.3,582.0,1.07,1.011,2,26,1,PASS
bench_0074,body_mass_index,plain,1.0,0.880876,26.0,23.0,11.54,618.6,595.6,3.72,1.039,3,24,1,PASS
bench_0075,temperature_conversions,naive,1.0,0.787812,36.0,28.0,22.22,853.7,621.0,27.26,1.375,3,22,2,PASS
bench_0076,length_conversions,plain,1.0,0.651037,25.0,16.0,36.0,286.3,207.0,27.7,1.383,2,26,1,PASS
bench_0077,speed_distance_time,naive,1.0,0.598485,24.0,13.0,45.83,773.2,350.4,54.68,2.207,6,20,1,PASS
bench_0078,kinetic_and_potential_energy,naive,1.0,0.622911,49.0,29.0,40.82,1282.0,727.3,43.27,1.763,3,20,1,PASS
bench_0079,projectile_position,plain,1.0,0.849242,18.0,15.0,16.67,251.0,230.0,8.37,1.091,3,22,1,PASS
bench_0080,ohms_law_power,plain,1.0,1.0,17.0,17.0,0.0,225.6,225.6,0.0,1.0,1,30,1,PASS
bench_0081,uniform_acceleration,plain,1.0,0.910022,35.0,30.0,14.29,600.7,588.4,2.05,1.021,9,19,1,PASS
bench_0082,linear_interpolation,naive,1.0,0.931305,30.0,29.0,3.33,674.2,656.1,2.68,1.028,4,24,1,PASS
bench_0083,rgb_to_gray,plain,1.0,1.0,23.0,23.0,0.0,510.1,510.1,0.0,1.0,1,27,1,PASS
bench_0084,horner_poly,plain,1.0,1.0,23.0,23.0,0.0,390.2,390.2,0.0,1.0,1,27,1,PASS
bench_0085,naive_poly,plain,1.0,0.669063,58.0,36.0,37.93,680.7,515.6,24.25,1.32,2,22,1,PASS
bench_0086,poly_with_derivative,plain,1.0,0.776867,40.0,28.0,30.0,486.9,452.3,7.11,1.076,37,21,1,PASS
bench_0087,quadratic_value_and_slope,plain,1.0,0.938182,25.0,22.0,12.0,331.2,329.2,0.6,1.006,1,25,1,PASS
bench_0088,quadratic_discriminant,plain,1.0,0.826267,27.0,20.0,25.93,336.3,309.2,8.06,1.088,3,24,1,PASS
bench_0089,binomial_expansion,plain,1.0,0.513051,18.0,11.0,38.89,307.5,186.0,39.51,1.653,10,24,1,PASS
bench_0090,difference_of_squares,naive,1.0,0.602381,30.0,18.0,40.0,404.3,270.4,33.12,1.495,10,24,1,PASS
bench_0091,distance_sq_2d,naive,1.0,0.834903,21.0,19.0,9.52,336.3,290.8,13.53,1.156,3,22,1,PASS
bench_0092,distance_sq_3d,plain,1.0,0.803346,24.0,21.0,12.5,391.4,323.0,17.48,1.212,4,23,1,PASS
bench_0093,midpoint_2d,plain,1.0,1.0,17.0,17.0,0.0,594.4,594.4,0.0,1.0,1,29,1,PASS
bench_0094,triangle_area_twice,naive,1.0,0.708844,42.0,34.0,19.05,625.2,446.6,28.57,1.4,4,23,1,PASS
bench_0095,rectangle_properties,plain,1.0,0.922799,20.0,17.0,15.0,246.0,220.7,10.28,1.115,1,25,1,PASS
bench_0096,circle_properties,plain,1.0,0.881868,26.0,23.0,11.54,709.2,654.8,7.67,1.083,2,26,1,PASS
bench_0097,sphere_properties,plain,1.0,0.630743,36.0,23.0,36.11,796.9,699.3,12.25,1.14,13,21,1,PASS
bench_0098,cross_product_3d,naive,1.0,0.75,56.0,42.0,25.0,604.2,472.4,21.81,1.279,10,24,1,PASS
bench_0099,dot_product,plain,1.0,1.0,12.0,12.0,0.0,202.9,202.9,0.0,1.0,1,30,1,PASS
bench_0100,cosine_similarity_parts,plain,1.0,1.0,56.0,56.0,0.0,549.0,549.0,0.0,1.0,1,30,1,PASS
bench_0101,determinant_3x3,plain,1.0,1.0,51.0,51.0,0.0,599.3,599.3,0.0,1.0,1,30,1,PASS
bench_0102,inverse_2x2_parts,plain,1.0,0.922969,21.0,19.0,9.52,294.3,277.2,5.81,1.062,2,28,1,PASS
bench_0103,matrix_vector,plain,1.0,1.0,48.0,48.0,0.0,511.9,511.9,0.0,1.0,1,30,1,PASS
bench_0104,trace_and_frobenius,plain,1.0,1.0,48.0,48.0,0.0,574.2,574.2,0.0,1.0,1,30,1,PASS
bench_0105,affine_transform_2d,plain,1.0,0.872023,26.0,22.0,15.38,333.3,314.2,5.73,1.061,6,23,2,PASS
bench_0106,mean_of_values,naive,1.0,0.725732,27.0,22.0,18.52,523.9,464.4,11.36,1.128,2,18,1,PASS
bench_0107,variance_of_values,naive,1.0,0.417793,69.0,30.0,56.52,2222.0,742.1,66.6,2.994,3,23,1,PASS
bench_0108,weighted_average,naive,1.0,0.593599,43.0,26.0,39.53,860.9,505.0,41.34,1.705,10,24,1,PASS
bench_0109,sum_and_sum_of_squares,plain,1.0,1.0,42.0,42.0,0.0,523.8,523.8,0.0,1.0,1,30,1,PASS
bench_0110,regression_slope_parts,plain,1.0,1.0,73.0,73.0,0.0,820.3,820.3,0.0,1.0,1,29,1,PASS
bench_0111,moving_average,plain,1.0,1.0,24.0,24.0,0.0,682.5,682.5,0.0,1.0,1,29,1,PASS
bench_0112,compound_interest,plain,1.0,0.745926,55.0,48.0,12.73,1594.0,1494.8,6.22,1.066,14,24,1,PASS
bench_0113,simple_interest,tidy,1.0,1.0,23.0,23.0,0.0,605.8,605.8,0.0,1.0,1,27,1,PASS
bench_0114,income_tax,tidy,1.0,1.0,22.0,22.0,0.0,609.8,609.8,0.0,1.0,1,29,1,PASS
bench_0115,discount_chain,plain,1.0,0.819984,23.0,21.0,8.7,654.1,647.6,0.99,1.01,2,26,1,PASS
bench_0116,body_mass_index,plain,1.0,0.880876,26.0,23.0,11.54,672.3,648.0,3.61,1.037,3,24,1,PASS
bench_0117,temperature_conversions,naive,1.0,0.787812,36.0,28.0,22.22,936.0,704.0,24.79,1.33,3,22,2,PASS
bench_0118,length_conversions,plain,1.0,0.651037,25.0,16.0,36.0,302.7,210.2,30.56,1.44,2,26,1,PASS
bench_0119,speed_distance_time,tidy,1.0,1.0,13.0,13.0,0.0,356.4,356.4,0.0,1.0,1,30,1,PASS
bench_0120,kinetic_and_potential_energy,naive,1.0,0.52985,49.0,24.0,51.02,1308.6,496.7,62.04,2.635,11,19,1,PASS
bench_0121,projectile_position,plain,1.0,0.849242,18.0,15.0,16.67,258.7,233.7,9.66,1.107,3,22,1,PASS
bench_0122,ohms_law_power,plain,1.0,1.0,17.0,17.0,0.0,229.5,229.5,0.0,1.0,1,30,1,PASS
bench_0123,uniform_acceleration,plain,1.0,0.910022,35.0,30.0,14.29,584.0,560.8,3.97,1.041,9,19,1,PASS
bench_0124,linear_interpolation,naive,1.0,0.931305,30.0,29.0,3.33,721.8,677.0,6.21,1.066,4,24,1,PASS
bench_0125,rgb_to_gray,plain,1.0,1.0,23.0,23.0,0.0,505.3,505.3,0.0,1.0,1,27,1,PASS
bench_0126,horner_poly,plain,1.0,0.935048,35.0,32.0,8.57,504.1,490.5,2.7,1.028,6,24,1,PASS
bench_0127,naive_poly,plain,1.0,0.684501,39.0,22.0,43.59,482.5,375.7,22.13,1.284,8,23,1,PASS
bench_0128,poly_with_derivative,plain,1.0,0.903815,40.0,35.0,12.5,475.5,423.2,11.0,1.124,3,24,1,PASS
bench_0129,quadratic_value_and_slope,plain,1.0,0.938182,25.0,22.0,12.0,322.6,319.7,0.9,1.009,1,25,1,PASS
bench_0130,quadratic_discriminant,plain,1.0,0.826267,27.0,20.0,25.93,345.7,322.0,6.86,1.074,3,24,1,PASS
bench_0131,binomial_expansion,plain,1.0,0.513051,18.0,11.0,38.89,261.8,169.4,35.29,1.545,10,24,1,PASS
bench_0132,difference_of_squares,naive,1.0,0.602381,30.0,18.0,40.0,391.7,262.3,33.04,1.493,10,24,1,PASS
bench_0133,distance_sq_2d,naive,1.0,0.834903,21.0,19.0,9.52,309.9,269.1,13.17,1.152,3,22,1,PASS
bench_0134,distance_sq_3d,plain,1.0,0.803346,24.0,21.0,12.5,372.8,314.9,15.53,1.184,4,23,1,PASS
bench_0135,midpoint_2d,plain,1.0,1.0,17.0,17.0,0.0,576.3,576.3,0.0,1.0,1,29,1,PASS
bench_0136,triangle_area_twice,naive,1.0,0.708844,42.0,34.0,19.05,520.6,337.1,35.25,1.544,4,23,1,PASS
bench_0137,rectangle_properties,plain,1.0,0.922799,20.0,17.0,15.0,198.9,192.4,3.27,1.034,1,25,1,PASS
bench_0138,circle_properties,plain,1.0,0.881868,26.0,23.0,11.54,561.8,537.6,4.31,1.045,2,26,1,PASS
bench_0139,sphere_properties,plain,1.0,0.630743,36.0,23.0,36.11,1245.8,619.2,50.3,2.012,13,21,1,PASS
bench_0140,cross_product_3d,naive,1.0,0.75,56.0,42.0,25.0,516.2,420.0,18.64,1.229,10,24,1,PASS
bench_0141,dot_product,plain,1.0,1.0,24.0,24.0,0.0,550.5,550.5,0.0,1.0,1,30,1,PASS
bench_0142,cosine_similarity_parts,plain,1.0,1.0,56.0,56.0,0.0,579.9,579.9,0.0,1.0,1,30,1,PASS
bench_0143,determinant_3x3,plain,1.0,1.0,51.0,51.0,0.0,572.4,572.4,0.0,1.0,1,30,1,PASS
bench_0144,inverse_2x2_parts,plain,1.0,0.922969,21.0,19.0,9.52,217.7,211.8,2.71,1.028,2,28,1,PASS
bench_0145,matrix_vector,plain,1.0,1.0,48.0,48.0,0.0,441.3,441.3,0.0,1.0,1,30,1,PASS
bench_0146,trace_and_frobenius,plain,1.0,1.0,48.0,48.0,0.0,503.6,503.6,0.0,1.0,1,30,1,PASS
bench_0147,affine_transform_2d,plain,1.0,0.673709,25.0,15.0,40.0,306.1,232.2,24.14,1.318,22,22,1,PASS
bench_0148,mean_of_values,tidy,1.0,1.0,24.0,24.0,0.0,445.0,445.0,0.0,1.0,1,29,1,PASS
bench_0149,variance_of_values,naive,1.0,0.356105,97.0,37.0,61.86,2830.3,769.8,72.8,3.677,3,23,1,PASS
bench_0150,weighted_average,naive,1.0,0.586571,55.0,33.0,40.0,998.4,546.4,45.27,1.827,10,24,1,PASS
bench_0151,sum_and_sum_of_squares,plain,1.0,1.0,30.0,30.0,0.0,369.7,369.7,0.0,1.0,1,30,1,PASS
bench_0152,regression_slope_parts,plain,1.0,1.0,61.0,61.0,0.0,672.6,672.6,0.0,1.0,1,29,2,PASS
bench_0153,moving_average,plain,1.0,1.0,24.0,24.0,0.0,633.2,633.2,0.0,1.0,1,29,1,PASS
bench_0154,compound_interest,plain,1.0,0.745926,55.0,48.0,12.73,1526.1,1444.9,5.32,1.056,14,24,1,PASS
bench_0155,simple_interest,naive,1.0,0.536822,44.0,23.0,47.73,1075.3,549.4,48.91,1.957,3,26,1,PASS
bench_0156,income_tax,naive,1.0,0.624274,37.0,22.0,40.54,978.2,560.5,42.7,1.745,3,27,1,PASS
bench_0157,discount_chain,plain,1.0,0.819984,23.0,21.0,8.7,614.4,598.6,2.57,1.026,2,26,1,PASS
bench_0158,body_mass_index,plain,1.0,0.880876,26.0,23.0,11.54,645.7,590.5,8.55,1.093,3,24,1,PASS
bench_0159,temperature_conversions,naive,1.0,0.787812,36.0,28.0,22.22,856.3,623.2,27.22,1.374,3,22,2,PASS
bench_0160,length_conversions,plain,1.0,0.651037,25.0,16.0,36.0,285.1,198.5,30.38,1.436,2,26,1,PASS
bench_0161,speed_distance_time,tidy,1.0,1.0,13.0,13.0,0.0,335.8,335.8,0.0,1.0,1,30,1,PASS
bench_0162,kinetic_and_potential_energy,tidy,1.0,0.84997,29.0,24.0,17.24,650.5,432.8,33.47,1.503,2,23,1,PASS
bench_0163,projectile_position,plain,1.0,0.849242,18.0,15.0,16.67,220.2,198.4,9.9,1.11,3,22,1,PASS
bench_0164,ohms_law_power,plain,1.0,1.0,17.0,17.0,0.0,192.3,192.3,0.0,1.0,1,30,1,PASS
bench_0165,uniform_acceleration,plain,1.0,0.910022,35.0,30.0,14.29,557.6,528.5,5.22,1.055,9,19,1,PASS
bench_0166,linear_interpolation,naive,1.0,0.931305,30.0,29.0,3.33,633.4,618.6,2.34,1.024,4,24,1,PASS
bench_0167,rgb_to_gray,plain,1.0,1.0,23.0,23.0,0.0,461.4,461.4,0.0,1.0,1,27,1,PASS
bench_0168,horner_poly,plain,1.0,1.0,31.0,31.0,0.0,442.1,442.1,0.0,1.0,1,29,1,PASS
bench_0169,naive_poly,plain,1.0,0.662624,57.0,35.0,38.6,519.0,368.4,29.02,1.409,3,20,1,PASS
bench_0170,poly_with_derivative,plain,1.0,0.901811,39.0,34.0,12.82,360.8,357.8,0.83,1.008,2,24,2,PASS
bench_0171,quadratic_value_and_slope,plain,1.0,0.938182,25.0,22.0,12.0,303.6,302.2,0.46,1.005,1,25,1,PASS
bench_0172,quadratic_discriminant,plain,1.0,0.826267,27.0,20.0,25.93,296.4,264.0,10.93,1.123,3,24,1,PASS
bench_0173,binomial_expansion,plain,1.0,0.513051,18.0,11.0,38.89,272.3,164.8,39.48,1.652,10,24,1,PASS
bench_0174,difference_of_squares,naive,1.0,0.602381,30.0,18.0,40.0,312.8,206.6,33.95,1.514,10,24,1,PASS
bench_0175,distance_sq_2d,naive,1.0,0.834903,21.0,19.0,9.52,255.2,219.4,14.03,1.163,5,25,1,PASS
bench_0176,distance_sq_3d,plain,1.0,0.803346,24.0,21.0,12.5,316.1,266.3,15.75,1.187,4,23,1,PASS
bench_0177,midpoint_2d,plain,1.0,1.0,17.0,17.0,0.0,500.9,500.9,0.0,1.0,1,29,1,PASS
bench_0178,triangle_area_twice,naive,1.0,0.708844,42.0,34.0,19.05,524.7,383.4,26.93,1.369,4,23,1,PASS
bench_0179,rectangle_properties,plain,1.0,0.922799,20.0,17.0,15.0,231.5,230.9,0.26,1.003,1,25,1,PASS
bench_0180,circle_properties,plain,1.0,0.881868,26.0,23.0,11.54,647.5,624.9,3.49,1.036,2,26,1,PASS
bench_0181,sphere_properties,plain,1.0,0.630743,36.0,23.0,36.11,771.7,653.6,15.3,1.181,13,21,1,PASS
bench_0182,cross_product_3d,naive,1.0,0.75,56.0,42.0,25.0,629.8,494.8,21.44,1.273,10,24,1,PASS
bench_0183,dot_product,plain,1.0,1.0,30.0,30.0,0.0,361.6,361.6,0.0,1.0,1,30,1,PASS
bench_0184,cosine_similarity_parts,plain,1.0,1.0,56.0,56.0,0.0,545.8,545.8,0.0,1.0,1,30,1,PASS
bench_0185,determinant_3x3,plain,1.0,1.0,51.0,51.0,0.0,602.6,602.6,0.0,1.0,1,30,1,PASS
bench_0186,inverse_2x2_parts,plain,1.0,0.922969,21.0,19.0,9.52,254.8,246.6,3.22,1.033,2,28,1,PASS
bench_0187,matrix_vector,plain,1.0,1.0,22.0,22.0,0.0,276.3,276.3,0.0,1.0,1,30,1,PASS
bench_0188,trace_and_frobenius,plain,1.0,1.0,48.0,48.0,0.0,562.4,562.4,0.0,1.0,1,30,1,PASS
bench_0189,affine_transform_2d,plain,1.0,0.659387,25.0,16.0,36.0,324.7,251.6,22.51,1.291,8,22,1,PASS
bench_0190,mean_of_values,naive,1.0,0.711053,30.0,24.0,20.0,574.9,457.9,20.35,1.256,2,18,1,PASS
bench_0191,variance_of_values,tidy,1.0,0.845094,41.0,37.0,9.76,893.8,825.0,7.7,1.083,4,25,1,PASS
bench_0192,weighted_average,naive,1.0,0.586571,55.0,33.0,40.0,1049.7,621.0,40.84,1.69,10,24,1,PASS
bench_0193,sum_and_sum_of_squares,plain,1.0,1.0,36.0,36.0,0.0,460.9,460.9,0.0,1.0,1,30,1,PASS
bench_0194,regression_slope_parts,plain,1.0,1.0,61.0,61.0,0.0,741.0,741.0,0.0,1.0,1,29,2,PASS
bench_0195,moving_average,plain,1.0,1.0,20.0,20.0,0.0,634.6,634.6,0.0,1.0,1,29,1,PASS
bench_0196,compound_interest,plain,1.0,0.763786,31.0,27.0,12.9,893.5,849.3,4.95,1.052,7,18,1,PASS
bench_0197,simple_interest,naive,1.0,0.536822,44.0,23.0,47.73,1112.0,602.4,45.83,1.846,3,26,1,PASS
bench_0198,income_tax,naive,1.0,0.57767,37.0,19.0,48.65,1083.2,598.6,44.74,1.81,28,25,1,PASS
bench_0199,discount_chain,plain,1.0,0.819984,23.0,21.0,8.7,662.9,652.2,1.61,1.016,2,26,1,PASS
bench_0200,body_mass_index,plain,1.0,0.880876,26.0,23.0,11.54,683.3,661.8,3.15,1.032,3,24,1,PASS
bench_0201,temperature_conversions,naive,1.0,0.787812,36.0,28.0,22.22,922.5,684.3,25.82,1.348,3,22,2,PASS
bench_0202,length_conversions,plain,1.0,0.651037,25.0,16.0,36.0,309.5,217.3,29.79,1.424,2,26,1,PASS
bench_0203,speed_distance_time,naive,1.0,0.598485,24.0,13.0,45.83,797.5,356.8,55.26,2.235,6,20,1,PASS
bench_0204,kinetic_and_potential_energy,tidy,1.0,1.0,29.0,29.0,0.0,725.7,725.7,0.0,1.0,1,27,1,PASS
bench_0205,projectile_position,plain,1.0,0.849242,18.0,15.0,16.67,238.0,210.3,11.64,1.132,3,22,1,PASS
bench_0206,ohms_law_power,plain,1.0,1.0,17.0,17.0,0.0,220.6,220.6,0.0,1.0,1,30,1,PASS
bench_0207,uniform_acceleration,plain,1.0,0.910022,35.0,30.0,14.29,630.8,578.8,8.24,1.09,9,19,1,PASS
bench_0208,linear_interpolation,naive,1.0,0.931305,30.0,29.0,3.33,706.9,690.8,2.28,1.023,4,24,1,PASS
bench_0209,rgb_to_gray,plain,1.0,1.0,23.0,23.0,0.0,507.2,507.2,0.0,1.0,1,27,1,PASS
bench_0210,horner_poly,plain,1.0,0.897658,27.0,25.0,7.41,412.3,382.9,7.13,1.077,5,24,1,PASS
bench_0211,naive_poly,plain,1.0,0.746765,39.0,21.0,46.15,446.5,378.3,15.27,1.18,2,26,2,PASS
bench_0212,poly_with_derivative,plain,1.0,0.886502,38.0,31.0,18.42,448.2,420.6,6.16,1.066,3,26,2,PASS
bench_0213,quadratic_value_and_slope,plain,1.0,0.938182,25.0,22.0,12.0,311.5,318.5,-2.25,0.978,1,25,1,PASS
bench_0214,quadratic_discriminant,plain,1.0,0.826267,27.0,20.0,25.93,362.4,331.1,8.64,1.095,3,24,1,PASS
bench_0215,binomial_expansion,plain,1.0,0.513051,18.0,11.0,38.89,307.3,181.7,40.87,1.691,10,24,1,PASS
bench_0216,difference_of_squares,naive,1.0,0.602381,30.0,18.0,40.0,368.9,251.2,31.91,1.469,10,24,1,PASS
bench_0217,distance_sq_2d,tidy,1.0,0.922777,19.0,16.0,15.79,280.1,273.7,2.28,1.023,1,25,1,PASS
bench_0218,distance_sq_3d,plain,1.0,0.803346,24.0,21.0,12.5,395.6,324.2,18.05,1.22,4,23,1,PASS
bench_0219,midpoint_2d,plain,1.0,1.0,17.0,17.0,0.0,586.8,586.8,0.0,1.0,1,29,1,PASS
bench_0220,triangle_area_twice,naive,1.0,0.708844,42.0,34.0,19.05,547.1,405.0,25.97,1.351,4,23,1,PASS
bench_0221,rectangle_properties,plain,1.0,0.922799,20.0,17.0,15.0,229.3,221.3,3.49,1.036,1,25,1,PASS
bench_0222,circle_properties,plain,1.0,0.881868,26.0,23.0,11.54,681.2,629.2,7.63,1.083,2,26,1,PASS
bench_0223,sphere_properties,plain,1.0,0.630743,36.0,23.0,36.11,780.7,593.5,23.98,1.315,13,21,1,PASS
bench_0224,cross_product_3d,naive,1.0,0.75,56.0,42.0,25.0,503.2,397.6,20.99,1.266,10,24,1,PASS
bench_0225,dot_product,plain,1.0,1.0,18.0,18.0,0.0,201.0,201.0,0.0,1.0,1,30,1,PASS
bench_0226,cosine_similarity_parts,plain,1.0,1.0,42.0,42.0,0.0,331.5,331.5,0.0,1.0,1,30,1,PASS
bench_0227,determinant_3x3,plain,1.0,1.0,42.0,42.0,0.0,399.6,399.6,0.0,1.0,1,30,1,PASS
bench_0228,inverse_2x2_parts,plain,1.0,0.922969,21.0,19.0,9.52,205.9,199.7,3.01,1.031,2,28,1,PASS
bench_0229,matrix_vector,plain,1.0,1.0,48.0,48.0,0.0,445.7,445.7,0.0,1.0,1,30,1,PASS
bench_0230,trace_and_frobenius,plain,1.0,1.0,48.0,48.0,0.0,489.9,489.9,0.0,1.0,1,30,1,PASS
bench_0231,affine_transform_2d,plain,1.0,0.814044,26.0,19.0,26.92,275.7,255.9,7.18,1.077,15,22,1,PASS
bench_0232,mean_of_values,tidy,1.0,1.0,24.0,24.0,0.0,409.9,409.9,0.0,1.0,1,29,1,PASS
bench_0233,variance_of_values,tidy,1.0,0.849106,33.0,30.0,9.09,691.6,643.6,6.94,1.075,4,25,1,PASS
bench_0234,weighted_average,naive,1.0,0.607294,31.0,19.0,38.71,641.2,368.2,42.58,1.741,10,24,1,PASS
bench_0235,sum_and_sum_of_squares,plain,1.0,1.0,24.0,24.0,0.0,274.1,274.1,0.0,1.0,1,30,1,PASS
bench_0236,regression_slope_parts,plain,1.0,1.0,73.0,73.0,0.0,754.6,754.6,0.0,1.0,1,29,1,PASS
bench_0237,moving_average,plain,1.0,1.0,18.0,18.0,0.0,559.3,559.3,0.0,1.0,1,29,1,PASS
bench_0238,compound_interest,plain,1.0,0.745926,55.0,48.0,12.73,1588.9,1541.2,3.0,1.031,14,24,1,PASS
bench_0239,simple_interest,naive,1.0,0.536822,44.0,23.0,47.73,1162.0,625.7,46.15,1.857,3,26,1,PASS
bench_0240,income_tax,tidy,1.0,1.0,22.0,22.0,0.0,633.2,633.2,0.0,1.0,1,29,1,PASS
bench_0241,discount_chain,plain,1.0,0.819984,23.0,21.0,8.7,695.1,670.0,3.61,1.037,2,26,1,PASS
bench_0242,body_mass_index,plain,1.0,0.880876,26.0,23.0,11.54,698.2,566.1,18.92,1.233,3,24,1,PASS
bench_0243,temperature_conversions,naive,1.0,0.787812,36.0,28.0,22.22,887.9,616.0,30.62,1.441,3,22,2,PASS
bench_0244,length_conversions,plain,1.0,0.651037,25.0,16.0,36.0,268.9,183.2,31.87,1.468,2,26,1,PASS
bench_0245,speed_distance_time,tidy,1.0,1.0,13.0,13.0,0.0,285.6,285.6,0.0,1.0,1,30,1,PASS
bench_0246,kinetic_and_potential_energy,tidy,1.0,1.0,29.0,29.0,0.0,611.8,611.8,0.0,1.0,1,27,1,PASS
bench_0247,projectile_position,plain,1.0,0.849242,18.0,15.0,16.67,210.4,180.7,14.12,1.164,3,22,1,PASS
bench_0248,ohms_law_power,plain,1.0,1.0,17.0,17.0,0.0,188.1,188.1,0.0,1.0,1,30,1,PASS
bench_0249,uniform_acceleration,plain,1.0,0.910022,35.0,30.0,14.29,528.1,490.2,7.18,1.077,9,19,1,PASS
bench_0250,linear_interpolation,naive,1.0,0.931305,30.0,29.0,3.33,627.9,614.1,2.2,1.022,4,24,1,PASS
bench_0251,rgb_to_gray,plain,1.0,1.0,23.0,23.0,0.0,449.2,449.2,0.0,1.0,1,27,1,PASS
bench_0252,horner_poly,plain,1.0,0.879431,23.0,21.0,8.7,301.7,287.3,4.77,1.05,13,20,1,PASS
bench_0253,naive_poly,plain,1.0,0.728428,57.0,39.0,31.58,613.4,484.3,21.05,1.267,4,21,1,PASS
bench_0254,poly_with_derivative,plain,1.0,0.864773,40.0,32.0,20.0,444.6,421.8,5.13,1.054,2,24,1,PASS
bench_0255,quadratic_value_and_slope,plain,1.0,0.938182,25.0,22.0,12.0,305.0,294.8,3.34,1.035,1,25,1,PASS
bench_0256,quadratic_discriminant,plain,1.0,0.826267,27.0,20.0,25.93,351.8,297.9,15.32,1.181,3,24,1,PASS
bench_0257,binomial_expansion,plain,1.0,0.513051,18.0,11.0,38.89,269.5,175.3,34.95,1.537,10,24,1,PASS
bench_0258,difference_of_squares,naive,1.0,0.602381,30.0,18.0,40.0,350.6,226.8,35.31,1.546,10,24,1,PASS
bench_0259,distance_sq_2d,naive,1.0,0.834903,21.0,19.0,9.52,277.5,244.2,12.0,1.136,3,22,1,PASS
bench_0260,distance_sq_3d,plain,1.0,0.803346,24.0,21.0,12.5,309.3,263.1,14.94,1.176,4,23,1,PASS
bench_0261,midpoint_2d,plain,1.0,1.0,17.0,17.0,0.0,543.5,543.5,0.0,1.0,1,29,1,PASS
bench_0262,triangle_area_twice,naive,1.0,0.708844,42.0,34.0,19.05,541.1,380.2,29.74,1.423,4,23,1,PASS
bench_0263,rectangle_properties,plain,1.0,0.922799,20.0,17.0,15.0,215.1,203.5,5.39,1.057,1,25,1,PASS
bench_0264,circle_properties,plain,1.0,0.881868,26.0,23.0,11.54,624.5,594.9,4.74,1.05,2,26,1,PASS
bench_0265,sphere_properties,plain,1.0,0.630743,36.0,23.0,36.11,724.1,613.9,15.22,1.18,13,21,1,PASS
bench_0266,cross_product_3d,naive,1.0,0.75,56.0,42.0,25.0,587.4,465.6,20.74,1.262,10,24,1,PASS
bench_0267,dot_product,plain,1.0,1.0,24.0,24.0,0.0,287.9,287.9,0.0,1.0,1,30,1,PASS
bench_0268,cosine_similarity_parts,plain,1.0,1.0,42.0,42.0,0.0,438.1,438.1,0.0,1.0,1,30,1,PASS
bench_0269,determinant_3x3,plain,1.0,1.0,51.0,51.0,0.0,531.6,531.6,0.0,1.0,1,30,1,PASS
bench_0270,inverse_2x2_parts,plain,1.0,0.922969,21.0,19.0,9.52,218.4,221.1,-1.24,0.988,2,28,1,PASS
bench_0271,matrix_vector,plain,1.0,1.0,48.0,48.0,0.0,469.2,469.2,0.0,1.0,1,30,1,PASS
bench_0272,trace_and_frobenius,plain,1.0,1.0,48.0,48.0,0.0,525.4,525.4,0.0,1.0,1,30,1,PASS
bench_0273,affine_transform_2d,plain,1.0,0.670999,26.0,17.0,34.62,283.8,229.7,19.06,1.236,15,25,1,PASS
bench_0274,mean_of_values,tidy,1.0,1.0,24.0,24.0,0.0,457.2,457.2,0.0,1.0,1,29,1,PASS
bench_0275,variance_of_values,tidy,1.0,0.849106,33.0,30.0,9.09,737.7,688.5,6.67,1.071,4,25,1,PASS
bench_0276,weighted_average,naive,1.0,0.593599,43.0,26.0,39.53,796.4,459.6,42.29,1.733,10,24,1,PASS
bench_0277,sum_and_sum_of_squares,plain,1.0,1.0,36.0,36.0,0.0,417.7,417.7,0.0,1.0,1,30,1,PASS
bench_0278,regression_slope_parts,plain,1.0,1.0,49.0,49.0,0.0,545.3,545.3,0.0,1.0,1,29,2,PASS
bench_0279,moving_average,plain,1.0,1.0,18.0,18.0,0.0,562.7,562.7,0.0,1.0,1,29,1,PASS
bench_0280,compound_interest,plain,1.0,0.763786,31.0,27.0,12.9,812.0,786.7,3.12,1.032,7,18,1,PASS
bench_0281,simple_interest,tidy,1.0,1.0,23.0,23.0,0.0,567.6,567.6,0.0,1.0,1,27,1,PASS
bench_0282,income_tax,tidy,1.0,1.0,22.0,22.0,0.0,545.5,545.5,0.0,1.0,1,30,2,PASS
bench_0283,discount_chain,plain,1.0,0.819984,23.0,21.0,8.7,600.4,601.6,-0.2,0.998,2,26,1,PASS
bench_0284,body_mass_index,plain,1.0,0.880876,26.0,23.0,11.54,637.0,592.8,6.94,1.075,3,24,1,PASS
bench_0285,temperature_conversions,naive,1.0,0.787812,36.0,28.0,22.22,880.1,611.1,30.56,1.44,3,22,2,PASS
bench_0286,length_conversions,plain,1.0,0.651037,25.0,16.0,36.0,291.6,202.4,30.59,1.441,2,26,1,PASS
bench_0287,speed_distance_time,tidy,1.0,1.0,13.0,13.0,0.0,336.9,336.9,0.0,1.0,1,30,1,PASS
bench_0288,kinetic_and_potential_energy,naive,1.0,0.622911,49.0,29.0,40.82,1179.3,667.0,43.44,1.768,3,20,1,PASS
bench_0289,projectile_position,plain,1.0,0.849242,18.0,15.0,16.67,234.0,207.8,11.2,1.126,3,22,1,PASS
bench_0290,ohms_law_power,plain,1.0,1.0,17.0,17.0,0.0,197.4,197.4,0.0,1.0,1,30,1,PASS
bench_0291,uniform_acceleration,plain,1.0,0.910022,35.0,30.0,14.29,518.6,514.7,0.75,1.008,9,19,1,PASS
bench_0292,linear_interpolation,naive,1.0,0.931305,30.0,29.0,3.33,612.7,599.9,2.09,1.021,4,24,1,PASS
bench_0293,rgb_to_gray,plain,1.0,1.0,23.0,23.0,0.0,464.3,464.3,0.0,1.0,1,27,1,PASS
bench_0294,horner_poly,plain,1.0,1.0,17.0,17.0,0.0,267.5,267.5,0.0,1.0,1,29,1,PASS
bench_0295,naive_poly,plain,1.0,0.703274,40.0,25.0,37.5,456.3,345.7,24.24,1.32,14,21,1,PASS
bench_0296,poly_with_derivative,plain,1.0,0.928355,38.0,34.0,10.53,436.9,410.4,6.07,1.065,1,28,2,PASS
bench_0297,quadratic_value_and_slope,plain,1.0,0.938182,25.0,22.0,12.0,278.7,278.0,0.25,1.003,1,25,1,PASS
bench_0298,quadratic_discriminant,plain,1.0,0.879107,27.0,23.0,14.81,324.0,307.1,5.22,1.055,16,18,1,PASS
bench_0299,binomial_expansion,plain,1.0,0.513051,18.0,11.0,38.89,294.6,168.1,42.94,1.753,10,24,1,PASS
